,UA,SU,SUBP,DAP,SA,QF,PS,HT,HF
0,ES_101,4,1,11.6,1,2,2,11.0,6.5
1,ES_101,4,1,11.2,1,2,3,9.0,6.0
3,ES_101,4,1,14.3,1,2,2,12.0,6.0
4,ES_101,4,1,14.3,2,2,2,15.0,7.0
5,ES_101,4,1,11.9,1,3,2,12.0,4.0
6,ES_101,4,1,11.9,3,3,3,3.0,2.0
7,ES_101,4,1,10.1,3,3,3,2.5,1.7
8,ES_101,4,1,13.3,1,2,2,12.0,7.0
9,ES_101,4,2,10.5,1,2,3,7.5,5.0
10,ES_101,4,2,15.5,2,2,3,10.0,7.0
11,ES_101,4,2,17.6,1,1,2,14.5,10.0
12,ES_101,4,2,12.3,1,2,2,13.5,9.0
13,ES_101,4,2,25.4,2,2,1,18.0,12.0
14,ES_101,4,2,11.8,2,2,3,8.5,1.7
15,ES_101,4,2,13.4,1,2,2,9.0,7.0
17,ES_101,4,2,12.1,1,2,2,11.0,9.0
18,ES_101,4,3,19.3,1,2,2,16.0,12.0
19,ES_101,4,3,10.8,1,2,2,15.0,12.0
20,ES_101,4,3,19.7,2,2,2,15.0,10.0
21,ES_101,4,3,10.3,1,1,2,13.0,10.0
22,ES_101,4,3,13.6,1,2,2,11.0,8.0
24,ES_101,4,3,17.3,1,2,2,16.0,13.0
25,ES_101,4,3,13.2,1,2,2,15.0,13.0
26,ES_101,4,4,18.2,1,2,2,16.5,9.0
27,ES_101,4,4,12.6,1,2,2,17.0,12.5
28,ES_101,4,4,21.8,1,2,1,18.0,4.5
29,ES_101,4,4,16.0,1,2,2,17.0,12.0
30,ES_101,4,4,12.5,1,2,2,13.0,10.0
31,ES_101,4,4,17.0,1,2,1,18.5,13.0
33,ES_101,4,5,18.2,1,2,2,17.0,8.0
34,ES_101,4,5,10.6,2,2,2,16.0,14.0
35,ES_101,4,5,16.0,3,4,2,16.0,7.5
36,ES_101,4,5,19.4,2,2,2,15.0,11.0
37,ES_101,4,5,18.8,1,2,1,18.0,12.0
38,ES_101,4,5,14.5,2,2,2,16.0,12.0
40,ES_101,4,5,12.1,1,2,2,16.5,12.5
43,ES_101,4,5,13.0,1,2,2,14.0,10.0
44,ES_101,4,5,20.4,1,1,2,17.0,12.0
46,ES_101,4,6,20.3,1,3,2,15.0,9.5
47,ES_101,4,6,14.0,1,2,2,14.5,12.5
48,ES_101,4,6,13.2,1,2,2,15.0,11.0
49,ES_101,4,6,12.3,2,3,2,14.0,10.0
50,ES_101,4,6,25.3,2,2,2,17.5,10.5
51,ES_101,4,6,12.7,1,2,2,12.5,9.5
54,ES_101,4,7,21.7,1,2,1,19.5,11.0
55,ES_101,4,7,11.8,1,2,3,10.5,8.0
57,ES_101,4,7,11.8,1,2,2,12.0,9.5
58,ES_101,4,7,16.1,2,2,3,10.0,2.2
60,ES_101,4,7,14.0,2,2,2,12.5,9.0
61,ES_101,4,8,12.6,1,2,2,11.5,5.0
62,ES_101,4,8,18.7,1,2,2,17.5,12.0
63,ES_101,4,8,12.1,1,2,2,12.5,10.0
64,ES_101,4,8,12.4,1,2,2,13.5,10.5
65,ES_101,4,8,10.5,1,2,2,12.0,9.5
66,ES_101,4,8,16.5,1,2,2,17.5,4.5
68,ES_101,4,8,13.2,1,2,2,12.0,8.5
69,ES_101,4,8,13.8,1,1,2,16.0,12.0
70,ES_101,4,8,12.8,1,2,2,15.5,12.0
71,ES_101,4,9,10.1,1,1,3,6.5,5.0
72,ES_101,4,9,10.2,1,3,3,6.5,4.5
73,ES_101,4,9,10.6,1,2,3,10.0,8.0
74,ES_101,4,9,16.7,1,3,2,12.0,8.0
75,ES_101,4,9,14.0,1,2,2,13.5,10.0
76,ES_101,4,9,10.7,2,2,3,10.5,8.0
77,ES_101,4,9,10.8,1,2,3,10.5,9.0
78,ES_101,4,9,16.8,1,2,2,13.5,10.0
79,ES_101,4,9,14.1,1,2,2,10.0,8.0
80,ES_101,4,9,15.4,2,2,2,11.5,7.5
81,ES_101,4,9,15.9,2,2,2,12.0,8.0
83,ES_101,4,9,15.0,1,1,2,12.5,6.0
84,ES_101,4,9,19.9,1,2,2,14.0,11.5
85,ES_101,4,9,10.6,1,2,2,13.5,10.0
86,ES_101,4,10,10.6,2,2,3,9.0,6.0
87,ES_101,4,10,13.8,2,2,2,13.0,8.5
88,ES_101,4,10,14.0,2,3,3,9.5,1.8
89,ES_101,4,10,18.9,1,3,2,13.0,9.0
90,ES_101,4,10,13.6,2,3,3,3.5,1.6
91,ES_101,4,10,15.6,3,2,2,12.0,8.5
92,ES_101,4,10,11.0,2,2,3,9.5,6.5
93,ES_101,4,10,22.0,3,3,3,9.0,2.5
94,ES_101,4,10,21.4,1,2,2,12.0,9.5
95,ES_102,1,1,14.6,2,2,2,6.6,3.4
96,ES_102,1,2,14.0,2,2,2,7.5,3.5
97,ES_102,1,2,10.2,1,2,2,7.0,2.0
98,ES_102,1,2,11.6,1,2,2,7.0,3.0
99,ES_102,1,2,10.7,1,2,3,5.5,2.5
100,ES_102,1,3,14.5,1,2,1,11.2,7.0
101,ES_102,1,4,16.3,2,2,2,8.3,5.6
102,ES_102,1,4,10.7,2,3,3,4.0,1.5
104,ES_102,1,6,12.3,1,2,1,12.4,12.0
106,ES_102,1,6,18.5,1,2,1,12.5,6.5
107,ES_102,1,6,11.5,2,4,3,5.5,5.0
108,ES_102,1,6,10.1,1,2,3,6.0,5.5
111,ES_102,1,8,15.4,2,3,2,8.5,6.0
112,ES_102,1,9,10.4,1,2,2,9.5,7.0
113,ES_102,1,9,14.2,1,2,1,11.0,8.0
114,ES_102,1,9,13.3,1,2,2,7.0,3.5
115,ES_102,1,9,10.1,1,2,3,6.5,3.0
116,ES_102,1,10,25.1,1,2,1,16.0,9.5
117,ES_102,1,10,15.1,1,2,2,9.0,5.5
118,ES_102,2,1,12.5,2,2,1,7.7,6.0
119,ES_102,2,1,10.9,1,2,1,7.2,3.0
120,ES_102,2,1,16.3,1,2,1,7.5,2.2
121,ES_102,2,3,14.7,1,2,1,7.0,3.0
122,ES_102,2,3,12.5,1,2,2,6.0,2.0
123,ES_102,2,4,12.9,1,2,2,6.5,2.5
124,ES_102,2,6,13.2,1,3,3,5.0,3.5
125,ES_102,2,6,12.8,1,2,1,10.8,5.5
128,ES_102,3,2,12.5,1,2,2,5.4,1.8
129,ES_102,3,2,12.7,1,2,1,6.2,2.0
130,ES_102,3,2,11.6,3,4,3,4.0,2.0
131,ES_102,3,3,13.0,3,3,2,5.0,2.0
132,ES_102,3,3,13.8,1,3,1,6.2,1.8
133,ES_102,3,4,13.9,1,2,1,6.0,4.0
134,ES_102,3,4,16.2,3,3,2,5.0,2.2
135,ES_102,3,7,10.2,1,2,1,6.5,3.0
137,ES_102,3,9,10.0,1,2,1,6.0,2.0
138,ES_102,3,9,13.5,1,2,1,6.5,3.8
140,ES_102,3,10,12.9,1,2,1,6.5,2.0
141,ES_102,4,1,11.0,1,2,3,7.3,4.0
142,ES_102,4,1,10.8,1,3,2,9.0,3.5
143,ES_102,4,1,12.1,2,3,2,9.5,4.5
144,ES_102,4,1,14.1,2,3,2,9.5,4.0
145,ES_102,4,1,12.5,3,3,3,7.5,3.0
146,ES_102,4,2,10.2,1,2,3,8.0,5.5
147,ES_102,4,2,10.7,1,2,2,9.0,4.0
148,ES_102,4,3,13.0,2,3,3,8.2,3.0
149,ES_102,4,3,10.1,1,3,3,8.5,6.0
150,ES_102,4,3,17.0,1,2,1,11.5,6.5
151,ES_102,4,3,10.9,2,3,2,9.5,6.0
152,ES_102,4,3,11.6,1,2,3,8.0,5.0
153,ES_102,4,4,15.4,1,2,2,10.0,5.5
154,ES_102,4,4,21.9,1,2,1,16.5,8.0
155,ES_102,4,4,23.6,1,3,1,14.0,8.0
156,ES_102,4,4,10.4,1,2,2,9.0,5.5
157,ES_102,4,4,10.0,1,3,3,8.0,4.0
158,ES_102,4,5,12.8,1,2,2,11.0,5.5
159,ES_102,4,5,11.3,1,3,2,9.5,7.0
160,ES_102,4,5,13.8,2,3,2,12.0,8.0
162,ES_102,4,5,24.2,1,2,1,16.5,8.0
163,ES_102,4,5,14.4,1,3,2,10.5,4.5
164,ES_102,4,5,17.4,2,3,1,13.0,8.5
165,ES_102,4,5,24.6,1,1,1,18.5,14.0
166,ES_102,4,6,23.3,1,2,2,12.5,10.0
167,ES_102,4,6,21.7,2,3,1,13.5,6.0
168,ES_102,4,6,15.3,2,3,2,10.0,6.0
170,ES_102,4,7,18.0,3,3,3,9.0,8.5
171,ES_102,4,7,13.3,1,2,3,3.5,1.6
172,ES_102,4,7,17.1,3,4,3,3.0,2.0
173,ES_102,4,7,10.9,1,2,2,8.5,4.5
174,ES_102,4,7,16.4,2,4,3,5.0,4.5
175,ES_102,4,8,18.6,2,2,2,12.5,8.5
176,ES_102,4,8,15.0,2,3,2,10.0,6.5
177,ES_102,4,8,10.6,2,3,2,9.0,5.5
178,ES_102,4,8,17.1,3,4,3,15.0,11.5
179,ES_102,4,8,16.6,2,3,2,9.5,5.0
181,ES_102,4,9,13.4,1,3,2,11.0,10.5
182,ES_102,4,9,21.6,1,2,1,15.0,13.0
183,ES_102,4,9,12.7,3,2,2,9.5,6.5
184,ES_102,4,10,12.2,1,2,2,12.0,9.5
185,ES_102,4,10,18.3,1,3,1,14.0,12.0
186,ES_102,4,10,12.5,1,3,2,12.0,8.0
187,ES_102,4,10,12.7,1,2,1,14.5,8.0
188,ES_102,4,10,16.5,1,3,1,13.5,10.5
189,ES_102,4,10,14.7,2,3,3,8.5,4.5
190,ES_102,4,10,10.7,3,3,3,6.0,3.0
191,ES_105,2,1,10.9,1,2,3,5.5,3.0
192,ES_105,2,1,10.6,1,3,2,6.2,3.5
193,ES_105,2,1,12.8,1,2,2,7.0,4.5
194,ES_105,2,1,12.4,1,3,2,6.4,3.5
195,ES_105,2,2,14.2,2,2,2,7.0,4.0
196,ES_105,2,2,16.0,1,1,1,9.8,4.0
197,ES_105,2,2,10.9,2,2,3,5.5,2.0
198,ES_105,2,2,12.6,3,3,2,6.0,4.0
199,ES_105,2,3,11.5,1,2,2,6.5,4.5
200,ES_105,2,3,13.1,3,2,2,6.0,4.0
201,ES_105,2,3,13.6,3,4,3,1.8,1.8
202,ES_105,2,3,10.4,2,2,3,5.5,3.5
203,ES_105,2,3,14.5,2,1,3,5.0,4.0
204,ES_105,2,4,11.4,2,2,2,7.0,5.5
206,ES_105,2,4,21.6,2,2,1,10.5,5.5
208,ES_105,2,5,19.3,2,2,1,9.0,5.5
209,ES_105,2,5,15.1,1,2,2,7.0,5.0
210,ES_105,2,5,16.2,2,2,2,7.0,4.5
211,ES_105,2,5,10.3,1,2,3,5.5,3.0
212,ES_105,2,5,13.0,1,2,2,6.5,2.5
213,ES_105,2,5,10.1,2,2,3,3.0,2.5
214,ES_105,2,6,12.6,2,2,2,6.0,3.5
215,ES_105,2,7,23.3,2,2,1,8.0,4.5
216,ES_105,2,7,12.6,2,2,3,3.5,3.5
217,ES_105,2,7,10.8,2,2,3,3.5,2.5
219,ES_105,2,8,16.8,2,2,1,11.0,6.0
220,ES_105,2,8,11.9,1,2,1,11.0,5.5
221,ES_105,2,8,15.2,1,2,1,10.5,6.0
222,ES_105,2,8,12.6,1,2,2,8.0,5.0
223,ES_105,2,8,12.9,2,2,3,5.5,3.0
224,ES_105,2,9,13.4,2,2,3,2.5,1.5
225,ES_105,2,9,12.6,2,2,3,3.5,2.5
226,ES_105,2,10,12.2,2,2,3,4.5,3.0
227,ES_108,2,1,11.3,1,3,3,6.0,3.0
228,ES_108,2,1,14.2,1,3,3,6.2,4.3
229,ES_108,2,1,25.5,2,2,1,15.6,9.5
231,ES_108,2,1,12.1,1,2,2,7.5,3.0
233,ES_108,2,7,13.5,2,3,1,10.5,7.5
234,ES_108,2,7,14.0,1,2,3,7.0,2.0
235,ES_108,2,7,12.9,1,2,2,8.5,4.5
236,ES_108,2,7,13.9,1,2,3,6.0,3.5
237,ES_108,2,7,13.8,1,2,3,6.5,4.0
239,ES_108,2,8,23.7,1,2,2,9.0,2.5
240,ES_108,2,10,10.6,1,2,2,8.5,5.0
241,ES_108,2,10,13.8,1,2,3,5.5,2.5
242,ES_108,2,10,19.7,2,3,2,9.5,4.0
243,ES_108,2,10,20.3,2,3,2,10.5,4.5
244,ES_109,2,1,16.8,1,2,2,13.6,12.5
245,ES_109,2,1,11.9,1,2,3,6.5,2.5
246,ES_109,2,1,20.4,2,3,2,14.0,10.0
247,ES_109,2,1,19.8,3,3,2,13.5,9.0
250,ES_109,2,2,21.9,1,2,1,15.0,14.0
251,ES_109,2,2,14.7,2,2,3,7.0,4.0
252,ES_109,2,3,13.4,2,3,3,6.0,4.5
253,ES_109,2,3,12.7,2,2,2,8.0,5.0
254,ES_109,2,3,10.7,2,2,2,5.0,3.0
255,ES_109,2,4,14.2,3,3,3,5.5,3.5
256,ES_109,2,5,10.1,1,2,3,6.5,4.0
257,ES_109,2,6,11.1,1,2,3,7.0,4.0
258,ES_109,2,6,13.0,1,2,2,11.0,10.0
260,ES_109,2,7,20.0,2,2,2,9.0,6.5
261,ES_109,2,7,15.0,1,2,3,5.5,3.0
262,ES_109,2,7,14.8,1,2,2,7.3,5.0
263,ES_109,2,8,10.5,1,3,3,7.0,4.0
264,ES_109,2,8,17.1,2,3,3,7.0,2.0
265,ES_109,2,10,12.2,1,2,2,8.5,4.0
267,ES_109,2,10,12.9,1,2,3,6.0,4.0
268,ES_109,2,10,10.9,3,2,3,6.0,5.0
269,ES_109,2,10,10.6,1,2,2,9.0,6.0
270,ES_109,2,10,14.4,3,2,2,8.5,5.5
271,ES_109,2,10,12.8,3,2,2,7.5,6.0
272,ES_109,2,10,20.0,2,2,2,8.0,5.5
273,ES_18,3,1,12.4,2,3,1,6.2,3.6
275,ES_18,3,7,11.3,1,2,1,6.0,2.2
276,ES_18,3,9,19.1,2,2,1,9.5,4.5
277,ES_18,3,9,22.0,1,2,1,8.5,6.8
278,ES_18,3,9,20.9,2,2,1,9.0,4.0
279,ES_18,3,9,19.6,2,2,1,9.0,4.5
280,ES_18,3,9,21.8,1,2,1,10.0,5.0
282,ES_18,3,9,13.8,1,2,1,10.0,6.0
283,ES_18,3,9,15.8,1,2,1,11.0,7.0
284,ES_18,3,9,12.0,1,3,2,5.0,2.8
285,ES_28,1,1,14.7,3,3,2,6.8,3.7
286,ES_28,1,2,11.8,3,4,3,4.5,4.5
287,ES_28,1,2,13.9,3,4,3,4.5,4.5
288,ES_28,1,2,14.8,3,4,3,6.0,1.7
289,ES_28,1,2,10.1,3,4,3,5.0,2.0
291,ES_28,1,5,12.0,3,4,3,4.0,3.0
292,ES_28,1,5,10.3,3,4,3,4.5,3.0
293,ES_28,1,6,10.0,3,3,3,6.0,3.0
294,ES_28,1,6,11.5,3,2,3,6.0,3.5
296,ES_28,1,9,14.2,2,2,2,8.0,6.0
297,ES_28,1,10,12.9,2,2,3,5.8,4.5
298,ES_28,1,10,13.7,2,2,3,6.5,5.5
299,ES_28,1,10,14.0,2,2,3,6.5,4.0
300,ES_28,3,1,13.3,2,2,3,7.5,5.0
302,ES_28,3,1,10.5,2,2,3,5.6,1.8
303,ES_28,3,1,14.5,2,2,3,8.0,4.0
304,ES_28,3,1,16.7,2,4,3,3.0,3.0
305,ES_28,3,1,15.8,2,2,3,8.0,4.0
307,ES_28,3,1,16.4,3,3,3,7.0,5.0
308,ES_28,3,1,10.1,3,3,3,7.5,4.0
309,ES_28,3,2,22.3,1,3,2,11.5,6.0
310,ES_28,3,2,12.0,1,2,3,6.5,2.5
311,ES_28,3,2,13.0,1,2,3,6.0,2.0
312,ES_28,3,2,11.5,1,2,3,6.5,3.0
313,ES_28,3,2,10.5,1,2,3,7.0,2.5
314,ES_28,3,2,10.2,1,2,3,6.0,3.5
315,ES_28,3,5,11.1,2,2,3,6.5,5.0
317,ES_28,3,6,15.4,1,2,3,8.0,6.5
318,ES_28,3,6,18.5,1,2,2,12.5,8.0
319,ES_28,3,7,11.8,1,2,3,9.0,5.0
321,ES_28,3,8,13.8,1,2,2,10.0,7.0
322,ES_28,3,8,10.0,1,2,3,9.0,6.0
323,ES_28,3,9,12.8,1,2,3,7.5,2.0
324,ES_28,3,10,25.6,1,2,2,10.5,1.6
325,ES_28,4,1,19.4,1,3,2,13.5,4.5
326,ES_28,4,1,16.2,1,3,3,9.0,6.0
327,ES_28,4,1,15.1,1,3,3,8.5,6.5
329,ES_28,4,1,12.8,1,2,2,12.0,5.0
330,ES_28,4,1,14.1,1,3,3,9.0,7.0
332,ES_28,4,2,14.1,3,3,2,13.5,9.5
333,ES_28,4,2,17.5,1,3,2,12.0,7.0
334,ES_28,4,2,15.1,1,3,1,16.0,12.0
335,ES_28,4,2,14.8,2,3,1,14.5,8.0
337,ES_28,4,4,13.5,3,4,3,4.0,3.5
339,ES_28,4,9,17.2,2,3,3,7.5,1.5
340,ES_28,4,9,11.4,2,3,3,7.5,4.5
341,ES_28,4,9,15.5,1,3,3,9.0,6.5
342,ES_28,4,9,25.3,1,1,2,13.0,3.5
343,ES_28,4,10,15.7,1,3,3,9.0,6.0
344,ES_28,4,10,11.6,2,3,3,9.5,2.5
345,ES_28,4,10,14.3,2,2,3,9.5,6.0
346,ES_28,4,10,16.0,2,3,3,9.0,2.5
347,ES_28,4,10,11.9,1,2,3,8.0,1.8
348,ES_28,4,10,14.2,2,4,3,7.0,4.5
349,ES_28,4,10,15.0,1,3,3,8.5,5.0
350,ES_28,4,10,12.8,2,2,3,9.5,6.5
351,ES_28,4,10,13.1,2,2,3,9.0,5.0
352,ES_28,4,10,17.4,2,2,3,7.0,1.8
353,ES_28,4,10,10.1,1,2,2,11.0,6.5
354,ES_31,2,1,13.0,1,2,2,9.8,7.3
355,ES_31,2,1,22.9,2,4,3,2.0,1.7
356,ES_31,2,1,12.9,2,2,3,9.5,5.5
357,ES_31,2,1,20.8,1,2,2,11.7,3.8
358,ES_31,2,1,10.4,1,3,2,11.0,6.5
359,ES_31,2,1,12.9,1,3,3,9.5,5.0
361,ES_31,2,2,18.5,1,2,1,14.0,7.0
362,ES_31,2,2,13.6,2,2,3,8.5,4.0
363,ES_31,2,2,11.7,2,2,3,9.5,6.0
365,ES_31,2,2,18.0,1,2,1,15.0,7.0
366,ES_31,2,2,16.0,1,3,2,12.0,8.0
367,ES_31,2,2,19.0,1,1,2,11.0,8.0
369,ES_31,2,2,22.4,1,2,2,11.0,6.5
370,ES_31,2,2,18.9,2,2,3,7.5,5.0
371,ES_31,2,2,18.9,2,2,1,13.0,4.5
372,ES_31,2,2,20.2,2,2,1,13.0,8.0
373,ES_31,2,2,10.3,2,3,3,9.5,5.0
375,ES_31,2,3,20.5,1,2,1,12.5,5.5
376,ES_31,2,3,22.2,1,2,1,13.0,9.5
377,ES_31,2,3,11.3,1,2,3,8.0,6.0
378,ES_31,2,3,12.9,2,2,3,6.0,3.0
379,ES_31,2,3,12.9,2,2,3,6.5,2.5
380,ES_31,2,3,17.8,3,3,3,6.0,3.0
381,ES_31,2,4,11.0,2,2,3,6.0,3.5
382,ES_31,2,4,12.8,2,2,3,8.5,6.0
383,ES_31,2,4,11.6,2,2,2,10.0,6.0
384,ES_31,2,4,15.8,1,2,3,8.0,6.5
385,ES_31,2,5,11.0,1,2,3,8.0,6.5
386,ES_31,2,5,13.0,2,3,3,8.5,5.5
387,ES_31,2,5,14.5,2,3,2,10.0,5.0
388,ES_31,2,5,15.7,2,2,3,6.5,2.0
389,ES_31,2,5,17.5,2,3,3,8.0,3.5
390,ES_31,2,5,15.3,2,3,2,9.5,3.0
391,ES_31,2,6,14.2,2,2,3,6.5,3.0
392,ES_31,2,6,10.5,2,2,2,9.5,8.0
393,ES_31,2,6,10.2,2,2,3,7.5,6.0
394,ES_31,2,8,13.7,2,2,2,10.0,2.0
395,ES_31,2,8,20.7,1,2,2,12.0,6.0
396,ES_31,2,8,23.4,1,2,1,15.0,5.5
397,ES_31,2,8,10.9,1,2,3,7.5,3.0
398,ES_31,2,9,11.2,2,3,3,6.0,3.0
399,ES_31,2,9,10.7,1,2,3,8.0,6.0
400,ES_31,2,9,12.3,2,2,3,8.5,6.5
401,ES_31,2,10,17.5,2,2,3,8.0,4.0
402,ES_31,2,10,15.0,2,3,3,9.0,3.5
403,ES_34,1,3,10.9,2,3,2,5.6,2.4
404,ES_34,1,3,16.0,2,2,1,7.5,5.0
405,ES_34,1,3,10.3,2,2,1,6.3,2.2
406,ES_34,1,3,14.6,2,3,1,9.0,5.0
407,ES_34,1,3,20.3,1,2,1,10.7,4.0
408,ES_34,1,3,13.0,1,2,1,8.0,4.4
409,ES_34,1,3,10.2,1,2,1,8.0,5.5
410,ES_34,1,7,11.9,1,3,1,9.3,4.2
411,ES_34,1,7,22.7,1,2,1,11.8,4.3
412,ES_34,1,7,13.1,1,3,1,7.9,5.5
413,ES_34,1,7,15.1,1,2,1,11.7,3.5
414,ES_34,1,8,11.1,2,3,1,9.0,4.0
415,ES_34,1,8,12.8,2,3,1,11.0,5.0
416,ES_34,1,9,10.7,1,2,2,5.0,2.4
417,ES_34,1,10,11.4,3,2,2,4.7,3.0
418,ES_34,1,10,13.1,1,2,1,8.0,5.5
419,ES_34,1,10,12.6,1,2,1,8.0,3.5
420,ES_34,1,10,11.6,1,2,1,8.5,4.0
421,ES_34,1,10,10.4,1,2,1,7.3,4.8
422,ES_38,1,1,12.6,1,2,1,9.4,4.6
423,ES_38,1,1,12.1,2,2,1,8.5,5.0
424,ES_38,1,1,16.1,1,2,1,8.5,1.9
425,ES_38,1,2,12.1,2,2,3,5.5,1.4
426,ES_38,1,3,18.1,2,2,1,9.5,3.0
427,ES_38,1,4,11.5,1,2,3,6.5,3.0
428,ES_38,1,4,10.2,1,2,1,8.5,6.0
429,ES_38,1,4,10.2,1,3,3,6.5,2.5
430,ES_38,1,4,10.2,2,2,2,7.5,2.0
431,ES_38,1,4,11.4,2,2,2,7.5,2.0
432,ES_38,1,5,10.3,2,2,2,8.0,6.0
433,ES_38,1,5,10.4,2,2,3,5.5,1.7
438,ES_38,3,1,11.3,1,2,2,8.3,5.0
439,ES_38,3,1,11.8,1,2,3,5.5,3.0
440,ES_38,3,1,17.7,3,2,2,10.4,6.8
441,ES_38,3,1,17.9,3,2,2,8.5,5.5
442,ES_38,3,1,17.0,2,2,2,10.0,4.0
443,ES_38,3,2,10.3,1,2,3,5.5,4.0
444,ES_38,3,2,13.7,1,2,3,6.0,3.5
445,ES_38,3,2,10.1,2,3,3,6.0,2.0
446,ES_38,3,2,15.1,2,3,3,7.5,4.0
447,ES_38,3,4,17.4,1,2,2,11.0,5.3
449,ES_38,3,5,11.6,2,3,3,3.5,2.0
450,ES_38,3,5,10.3,1,2,3,6.5,3.0
451,ES_38,3,5,19.6,2,2,1,13.0,8.0
452,ES_38,3,5,12.6,2,2,3,5.5,4.0
453,ES_38,3,6,12.9,2,2,3,7.5,3.0
455,ES_38,3,6,13.3,2,2,3,6.5,1.9
456,ES_38,3,7,11.3,3,2,3,6.0,4.0
457,ES_38,3,7,10.5,3,2,3,4.5,3.0
458,ES_38,3,7,15.6,3,2,3,5.5,4.0
459,ES_38,3,7,17.1,2,2,2,10.0,4.0
460,ES_38,3,7,10.1,2,2,3,7.0,2.5
461,ES_38,3,7,10.9,1,2,3,5.5,3.5
463,ES_38,3,7,12.7,3,2,3,4.5,3.0
465,ES_38,3,8,25.2,3,3,2,8.0,6.0
466,ES_38,3,8,10.2,1,2,3,5.5,2.0
467,ES_38,3,8,10.4,2,3,3,5.0,2.5
468,ES_38,3,9,11.2,2,3,3,5.0,3.0
469,ES_38,3,10,14.3,2,2,3,6.5,2.5
470,ES_38,3,10,20.8,2,2,2,8.5,5.0
471,ES_38,3,10,16.9,2,2,3,6.0,2.5
472,ES_38,3,10,16.1,1,2,2,8.5,4.5
473,ES_38,3,10,10.0,2,2,2,8.5,4.5
474,ES_38,3,10,10.8,1,2,2,11.0,6.0
475,ES_38,3,10,16.9,1,2,1,12.5,9.0
476,ES_38,3,10,10.4,1,2,3,7.0,4.0
477,ES_41,4,1,11.7,1,1,1,7.5,3.5
478,ES_41,4,1,12.2,1,2,1,7.5,1.4
479,ES_41,4,1,15.7,1,2,1,11.0,8.0
480,ES_41,4,1,10.2,3,3,3,4.0,2.5
482,ES_41,4,1,10.0,1,2,1,7.0,3.5
483,ES_41,4,2,13.6,1,2,3,6.0,3.0
484,ES_41,4,2,12.1,2,2,1,7.0,3.5
485,ES_41,4,2,11.5,1,2,1,7.2,3.5
486,ES_41,4,3,12.6,3,3,3,5.0,1.3
487,ES_41,4,3,12.3,2,3,3,3.8,1.3
488,ES_41,4,3,13.3,1,2,1,8.0,4.0
489,ES_41,4,4,16.4,1,2,1,13.7,6.0
490,ES_41,4,5,13.2,1,2,1,8.5,3.5
491,ES_41,4,5,22.5,1,2,1,14.0,6.0
492,ES_41,4,5,16.0,1,2,2,12.3,6.5
493,ES_41,4,5,12.2,1,2,2,13.0,7.0
494,ES_41,4,6,10.2,1,2,2,8.5,4.0
495,ES_41,4,6,10.8,1,2,1,7.0,5.0
496,ES_41,4,8,17.9,1,2,2,11.2,4.7
497,ES_41,4,8,11.9,3,3,3,5.0,1.8
498,ES_41,4,8,10.1,1,2,3,5.0,3.5
499,ES_41,4,9,12.6,1,2,2,9.0,5.0
500,ES_41,4,9,10.1,1,2,2,11.0,6.0
501,ES_41,4,9,17.3,2,2,2,7.5,3.0
502,ES_41,4,9,20.5,1,2,2,13.0,8.0
503,ES_41,4,9,24.4,1,2,2,13.2,7.0
504,ES_41,4,9,14.0,1,2,2,12.7,6.0
505,ES_41,4,9,12.9,1,2,2,11.5,6.0
506,ES_41,4,9,11.9,1,2,2,10.0,6.0
507,ES_41,4,10,11.0,3,2,3,6.0,3.0
508,ES_41,4,10,11.2,1,2,2,8.0,4.5
509,ES_41,4,10,11.2,1,3,3,8.5,4.5
510,ES_41,4,10,11.0,1,3,3,7.0,4.0
511,ES_63,1,1,17.8,1,3,2,5.0,2.5
512,ES_63,1,2,10.8,2,3,2,4.5,2.5
513,ES_63,1,2,19.1,2,2,2,7.0,4.0
514,ES_63,1,3,12.3,2,3,3,4.5,3.0
515,ES_63,1,3,15.0,2,2,2,5.0,3.5
516,ES_63,1,3,11.0,1,2,2,6.5,4.0
517,ES_63,1,4,12.2,2,2,2,7.0,4.5
518,ES_63,1,4,11.2,2,2,2,3.5,2.2
520,ES_63,1,5,10.7,2,1,2,7.5,4.5
521,ES_63,1,5,10.1,1,2,2,6.7,4.0
524,ES_63,1,5,10.4,1,2,2,7.0,4.5
526,ES_63,1,7,12.6,2,2,2,6.5,4.0
527,ES_63,1,7,10.9,1,2,2,7.5,2.0
528,ES_63,1,8,16.9,1,2,2,7.5,4.5
529,ES_63,1,10,10.4,1,3,2,6.5,4.0
533,ES_67,4,3,15.5,1,2,2,7.5,5.0
534,ES_67,4,3,15.7,1,2,1,11.5,10.0
535,ES_67,4,6,21.2,3,4,3,6.0,3.0
536,ES_67,4,6,11.9,2,3,3,6.0,5.0
537,ES_67,4,7,10.7,2,3,3,7.0,4.0
539,ES_67,4,7,10.4,1,2,3,6.0,2.5
540,ES_67,4,7,12.9,1,2,2,8.0,1.4
541,ES_67,4,7,13.7,1,2,2,8.5,6.2
543,ES_67,4,7,19.6,1,2,2,10.0,4.5
544,ES_67,4,7,16.9,1,2,2,10.0,7.5
545,ES_67,4,7,11.0,1,3,2,8.0,4.5
547,ES_67,4,8,15.0,1,2,2,7.5,4.5
548,ES_67,4,8,11.2,1,2,3,6.5,4.0
549,ES_67,4,8,15.0,1,3,2,10.5,8.0
550,ES_67,4,8,10.4,1,3,3,5.5,2.0
551,ES_67,4,8,13.7,1,3,2,7.0,4.0
552,ES_67,4,8,19.6,2,3,2,8.0,3.0
553,ES_67,4,8,20.9,3,2,1,14.0,9.5
555,ES_67,4,9,12.0,1,2,2,7.5,4.5
556,ES_67,4,9,14.2,1,3,2,7.5,2.0
557,ES_67,4,9,16.0,2,2,2,8.0,3.5
558,ES_67,4,10,15.5,1,2,2,9.0,3.5
559,ES_67,4,10,22.6,1,4,3,4.5,4.5
560,ES_67,4,10,11.3,2,4,3,6.5,5.0
561,ES_67,4,10,12.3,1,2,2,8.0,4.0
562,ES_67,4,10,11.0,1,2,2,7.5,5.5
563,ES_67,4,10,15.3,2,3,3,6.0,3.5
564,ES_67,4,10,10.4,1,2,3,5.5,4.0
565,ES_67,4,10,10.8,1,2,3,8.5,5.0
566,ES_67,4,10,12.4,2,3,3,5.5,4.5
567,ES_67,4,10,11.2,1,4,3,5.0,4.5
568,ES_75,3,1,12.7,1,2,2,10.0,8.0
569,ES_75,3,1,16.6,1,2,2,10.0,4.5
570,ES_75,3,1,23.1,1,2,1,16.5,11.0
571,ES_75,3,1,10.9,1,2,3,9.5,4.5
573,ES_75,3,1,14.6,1,1,2,13.5,10.0
574,ES_75,3,1,19.1,1,3,1,17.5,13.0
575,ES_75,3,1,11.9,1,3,2,10.5,8.5
576,ES_75,3,1,17.6,1,2,2,12.5,10.0
577,ES_75,3,1,10.5,1,3,2,11.0,7.5
578,ES_75,3,1,11.0,1,2,3,8.5,6.0
580,ES_75,3,2,13.6,1,2,3,8.5,5.0
581,ES_75,3,2,16.7,1,2,2,10.0,8.5
582,ES_75,3,2,10.3,3,4,3,3.5,3.5
583,ES_75,3,2,14.4,3,4,3,3.5,3.5
584,ES_75,3,2,11.9,3,4,3,5.0,4.0
585,ES_75,3,2,13.5,3,3,3,5.5,4.0
586,ES_75,3,2,12.0,3,3,3,5.5,4.0
587,ES_75,3,2,12.5,3,4,3,3.5,3.5
588,ES_75,3,2,13.5,3,4,3,1.5,1.5
589,ES_75,3,2,16.3,1,2,2,12.0,9.0
591,ES_75,3,2,13.3,2,2,2,11.5,7.0
592,ES_75,3,2,21.1,1,1,1,15.0,10.5
593,ES_75,3,2,15.6,1,2,1,14.5,10.0
594,ES_75,3,3,10.6,1,2,2,13.0,10.0
595,ES_75,3,3,17.1,1,2,1,17.5,11.5
596,ES_75,3,3,20.7,2,2,1,16.0,11.0
597,ES_75,3,3,23.1,1,3,1,16.0,10.0
599,ES_75,3,3,19.4,2,3,1,16.5,13.0
600,ES_75,3,3,16.4,1,2,1,15.0,11.0
601,ES_75,3,3,11.5,2,4,3,8.0,5.5
603,ES_75,3,4,15.4,1,2,2,13.0,9.5
604,ES_75,3,4,13.5,1,2,3,6.5,3.0
605,ES_75,3,4,22.1,1,3,1,18.0,13.0
606,ES_75,3,4,23.5,1,3,1,17.5,12.0
607,ES_75,3,4,13.9,1,2,2,14.5,10.0
608,ES_75,3,4,11.3,2,3,2,11.5,8.5
609,ES_75,3,4,18.0,2,2,2,13.0,9.0
610,ES_75,3,4,13.8,1,2,2,13.5,10.0
611,ES_75,3,5,19.8,1,2,2,13.5,9.0
612,ES_75,3,5,18.4,1,1,2,13.0,7.0
613,ES_75,3,5,12.1,1,2,3,9.0,6.0
614,ES_75,3,5,23.0,1,2,1,15.5,7.0
615,ES_75,3,5,12.6,1,3,2,10.0,6.5
616,ES_75,3,5,12.4,2,2,2,11.0,7.0
617,ES_75,3,5,14.6,1,2,1,14.5,10.0
618,ES_75,3,6,20.0,1,2,1,16.0,12.0
619,ES_75,3,6,21.3,1,2,1,17.0,12.5
620,ES_75,3,6,16.9,2,2,2,13.5,8.0
621,ES_75,3,6,10.1,1,2,3,9.5,7.0
622,ES_75,3,6,10.0,1,1,2,10.0,7.0
624,ES_75,3,6,10.8,3,3,3,7.0,4.0
625,ES_75,3,6,13.2,3,4,3,1.4,1.4
626,ES_75,3,6,13.0,3,4,3,3.0,3.0
627,ES_75,3,6,14.5,1,3,3,7.0,4.0
628,ES_75,3,6,10.5,1,3,3,7.5,4.0
629,ES_75,3,6,14.5,3,4,3,1.7,1.7
630,ES_75,3,6,16.4,1,2,1,16.0,12.0
631,ES_75,3,6,15.3,1,2,1,15.0,13.0
632,ES_75,3,6,11.5,1,2,2,10.5,8.0
633,ES_75,3,7,12.0,3,2,2,12.0,9.0
635,ES_75,3,7,10.9,1,2,2,11.0,8.5
636,ES_75,3,7,15.7,1,1,1,15.0,12.0
637,ES_75,3,7,17.4,1,1,1,14.5,10.5
638,ES_75,3,7,10.8,1,2,3,8.5,6.0
639,ES_75,3,7,16.8,2,2,1,16.0,8.5
640,ES_75,3,7,18.4,2,2,1,15.0,7.0
641,ES_75,3,8,19.4,1,2,2,10.0,8.0
642,ES_75,3,8,10.0,1,2,1,15.0,3.0
643,ES_75,3,8,10.5,1,2,2,11.0,6.0
644,ES_75,3,8,13.8,1,2,1,15.0,11.0
645,ES_75,3,8,19.3,1,2,1,16.0,11.0
646,ES_75,3,8,17.7,3,3,2,11.0,6.5
647,ES_75,3,9,13.6,1,2,2,13.5,8.5
648,ES_75,3,9,22.2,3,3,1,14.5,8.0
649,ES_75,3,9,13.2,1,2,2,10.0,9.0
650,ES_75,3,9,16.2,1,2,1,15.0,13.0
651,ES_75,3,9,14.4,1,2,1,14.0,10.0
653,ES_75,3,9,16.7,1,2,1,17.0,6.0
654,ES_75,3,9,10.8,1,2,2,13.5,11.0
657,ES_75,3,10,19.2,1,3,2,13.0,10.0
658,ES_75,3,10,12.3,2,3,2,10.5,9.0
659,ES_75,3,10,13.4,1,2,2,10.0,7.0
660,ES_75,3,10,10.3,1,3,2,10.5,6.0
661,ES_75,3,10,12.3,1,2,2,14.0,11.0
663,ES_75,3,10,10.9,2,2,2,11.0,8.0
664,ES_75,3,10,17.5,1,2,2,13.0,9.0
665,ES_75,3,10,22.6,2,2,2,12.0,10.0
666,ES_75,3,10,13.6,1,2,2,11.0,7.5
667,ES_75,3,10,10.0,1,3,3,10.0,7.5
668,ES_75,3,10,21.3,2,3,2,12.5,9.0
669,ES_75,4,1,14.6,1,2,2,10.9,5.8
670,ES_75,4,1,11.2,1,2,2,10.5,7.5
671,ES_75,4,1,10.4,1,3,2,12.5,5.0
672,ES_75,4,1,14.8,2,2,2,14.5,10.0
673,ES_75,4,1,17.0,2,3,1,15.0,8.0
674,ES_75,4,1,11.2,1,2,2,12.0,7.0
675,ES_75,4,1,12.2,1,3,2,12.0,10.0
676,ES_75,4,2,12.5,1,1,1,14.5,11.0
677,ES_75,4,2,12.8,1,2,2,13.0,10.0
678,ES_75,4,2,13.9,1,2,2,12.0,9.0
679,ES_75,4,2,11.3,1,2,2,12.0,6.0
680,ES_75,4,2,13.8,3,4,3,6.5,4.0
681,ES_75,4,2,20.0,1,3,2,13.0,10.0
683,ES_75,4,2,19.7,1,2,2,13.5,10.0
686,ES_75,4,2,14.4,1,2,1,16.0,11.0
687,ES_75,4,2,16.4,1,3,2,12.0,7.0
688,ES_75,4,2,13.7,1,2,1,14.5,10.0
690,ES_75,4,3,18.6,1,2,1,17.0,12.0
691,ES_75,4,3,12.1,1,2,2,11.0,5.5
692,ES_75,4,3,10.5,2,2,2,10.0,7.5
693,ES_75,4,3,12.1,1,2,2,10.0,8.0
694,ES_75,4,3,14.7,1,2,2,13.5,9.0
695,ES_75,4,3,10.0,1,2,3,8.0,2.5
696,ES_75,4,3,22.4,1,2,2,13.5,8.5
697,ES_75,4,3,16.2,1,3,2,13.5,10.0
698,ES_75,4,3,19.0,1,3,2,13.0,6.0
699,ES_75,4,3,15.8,3,3,2,11.0,6.0
700,ES_75,4,3,14.0,2,3,2,11.0,8.0
701,ES_75,4,3,17.5,2,2,2,12.0,7.0
702,ES_75,4,3,11.3,2,1,3,8.5,5.0
703,ES_75,4,3,20.6,1,3,2,13.5,9.0
704,ES_75,4,3,10.6,1,3,2,11.5,7.0
705,ES_75,4,3,15.1,1,2,1,15.0,11.0
706,ES_75,4,3,13.9,1,2,2,11.0,7.0
707,ES_75,4,4,18.0,1,2,2,10.0,4.5
708,ES_75,4,4,13.3,1,3,2,10.0,7.5
709,ES_75,4,4,16.5,1,2,2,12.5,8.0
710,ES_75,4,4,15.9,1,3,2,13.0,8.5
713,ES_75,4,4,10.9,3,4,3,4.5,4.5
714,ES_75,4,4,13.8,1,2,2,12.0,8.0
715,ES_75,4,4,10.7,1,3,2,10.0,7.0
717,ES_75,4,4,14.4,1,3,2,12.0,8.0
718,ES_75,4,4,11.3,2,3,2,11.0,9.0
719,ES_75,4,4,12.3,2,3,2,10.5,9.0
720,ES_75,4,4,10.8,2,3,3,6.5,4.0
721,ES_75,4,4,10.3,1,2,2,11.0,6.0
722,ES_75,4,5,15.7,1,2,2,12.5,9.0
723,ES_75,4,5,11.2,2,3,2,11.5,8.0
724,ES_75,4,5,10.4,1,2,2,12.5,9.0
725,ES_75,4,5,11.4,1,3,3,9.0,6.0
726,ES_75,4,5,10.5,1,2,2,11.0,7.5
727,ES_75,4,5,10.2,2,3,3,7.5,4.0
728,ES_75,4,5,11.5,2,3,3,8.0,4.5
729,ES_75,4,5,14.2,1,2,1,14.5,10.0
730,ES_75,4,5,18.5,1,2,1,15.0,12.0
731,ES_75,4,5,13.1,1,2,1,15.0,8.0
732,ES_75,4,5,10.2,1,2,2,10.0,7.0
733,ES_75,4,5,11.5,2,4,3,9.0,6.5
734,ES_75,4,5,18.6,1,2,1,16.0,12.0
735,ES_75,4,5,16.3,1,2,2,13.0,9.0
736,ES_75,4,5,10.1,1,2,2,11.0,8.0
737,ES_75,4,5,13.7,1,1,1,14.5,11.0
738,ES_75,4,5,19.0,1,2,1,15.0,10.0
740,ES_75,4,6,10.8,2,3,3,9.0,5.0
741,ES_75,4,6,13.5,1,2,2,13.5,8.0
742,ES_75,4,6,17.3,1,3,2,14.0,4.0
743,ES_75,4,6,14.8,1,3,2,14.0,9.5
744,ES_75,4,6,11.5,2,3,3,9.0,5.0
745,ES_75,4,6,11.2,2,3,3,8.5,5.0
746,ES_75,4,6,11.0,1,2,1,15.0,10.0
747,ES_75,4,6,22.6,1,2,1,15.0,10.0
748,ES_75,4,6,10.0,1,2,2,14.0,8.0
750,ES_75,4,6,12.7,1,2,2,14.0,10.0
751,ES_75,4,6,15.7,1,2,1,17.0,14.0
752,ES_75,4,7,19.8,1,2,1,15.0,11.0
753,ES_75,4,7,11.8,1,2,2,12.0,8.0
755,ES_75,4,7,14.8,1,3,2,11.0,8.0
756,ES_75,4,7,18.7,1,2,2,13.5,6.5
757,ES_75,4,7,15.7,1,2,2,14.0,6.0
758,ES_75,4,7,17.8,2,2,2,14.0,8.5
759,ES_75,4,7,17.6,2,2,2,10.0,4.5
760,ES_75,4,7,14.3,2,2,1,15.5,9.0
761,ES_75,4,7,13.8,2,2,3,8.5,5.0
762,ES_75,4,7,21.2,1,1,1,15.0,8.0
763,ES_75,4,7,21.3,1,1,2,14.0,10.0
765,ES_75,4,7,11.3,2,2,2,12.0,8.0
766,ES_75,4,7,12.1,1,2,2,12.0,10.0
768,ES_75,4,8,16.0,1,2,1,16.0,13.0
769,ES_75,4,8,14.7,2,3,2,10.0,6.0
770,ES_75,4,8,17.8,1,2,1,15.0,11.0
771,ES_75,4,8,11.5,1,1,2,13.0,10.0
772,ES_75,4,8,10.0,1,1,2,12.5,10.0
773,ES_75,4,8,18.6,1,2,1,16.0,9.0
774,ES_75,4,8,13.3,2,3,2,12.0,10.0
775,ES_75,4,8,11.2,1,2,1,16.0,13.0
776,ES_75,4,8,13.3,1,2,3,9.5,4.0
777,ES_75,4,8,11.2,1,2,2,11.0,7.0
778,ES_75,4,8,12.5,1,3,2,10.5,8.0
779,ES_75,4,8,13.8,1,2,2,14.0,10.5
780,ES_75,4,8,22.0,1,2,1,19.0,14.0
781,ES_75,4,8,24.9,1,2,1,18.5,12.0
782,ES_75,4,8,12.4,2,3,2,12.5,9.0
783,ES_77,1,2,11.8,1,1,2,4.3,2.5
784,ES_77,1,7,12.4,1,2,1,8.6,8.0
785,ES_77,1,7,10.2,1,2,2,6.7,6.0
786,ES_78,1,4,20.0,1,2,1,8.7,2.5
787,ES_78,1,5,11.2,2,2,2,6.0,5.0
788,ES_78,1,5,10.1,3,3,2,5.5,3.0
789,ES_78,1,5,12.6,2,2,2,8.0,2.0
791,ES_78,1,5,11.2,2,2,1,8.5,5.5
792,ES_78,1,5,10.6,2,2,2,8.0,6.5
793,ES_78,1,5,12.5,2,2,1,9.0,4.5
794,ES_78,1,7,13.7,1,3,2,6.0,3.0
795,ES_78,1,7,11.4,2,3,2,6.5,2.5
796,ES_78,1,8,13.4,1,2,1,9.0,4.0
797,ES_78,1,10,13.0,1,2,1,5.0,1.7
798,ES_78,2,1,14.4,2,3,3,5.7,2.0
800,ES_78,2,1,14.4,2,3,2,7.0,3.5
801,ES_78,2,1,16.2,1,2,2,7.0,2.0
802,ES_78,2,1,13.4,1,2,2,7.0,2.0
803,ES_78,2,2,15.7,1,2,1,11.0,5.0
804,ES_78,2,2,12.7,1,2,2,9.5,8.0
805,ES_78,2,2,10.2,1,2,2,8.0,7.0
806,ES_78,2,2,11.0,1,2,2,7.5,7.0
807,ES_78,2,2,11.2,2,3,2,6.5,3.5
808,ES_78,2,3,17.8,1,2,1,16.5,11.6
809,ES_78,2,3,11.5,1,3,2,7.5,6.0
810,ES_78,2,4,11.7,2,3,3,4.5,2.5
811,ES_78,2,4,11.1,1,2,2,6.5,2.0
812,ES_78,2,6,14.4,2,2,2,6.5,4.5
813,ES_78,2,6,13.2,3,3,2,7.0,3.5
814,ES_78,2,6,19.0,2,2,2,9.0,4.0
815,ES_78,2,6,21.1,2,2,2,8.0,6.5
816,ES_78,2,6,18.5,2,2,1,11.5,6.5
817,ES_78,2,6,18.8,2,2,2,8.5,3.0
818,ES_78,2,6,12.1,1,2,2,8.5,4.0
821,ES_78,2,9,10.5,1,2,3,5.5,2.5
822,ES_78,2,10,15.9,3,3,3,6.5,4.5
823,ES_78,2,10,20.6,1,2,2,8.0,5.5
825,ES_80,1,5,21.2,3,3,1,4.0,1.5
826,ES_80,1,5,25.1,2,2,1,7.0,7.0
830,ES_82,1,2,10.6,2,2,3,5.5,3.5
831,ES_82,1,2,10.5,3,3,3,4.5,3.0
832,ES_82,1,3,10.6,2,2,3,5.5,1.7
833,ES_82,1,3,12.6,3,3,3,5.0,1.6
834,ES_82,1,4,11.4,2,3,3,5.0,1.8
835,ES_82,1,4,11.9,2,3,3,6.0,1.7
836,ES_82,1,5,11.8,2,2,2,8.5,2.0
837,ES_82,1,5,15.0,2,2,2,9.0,4.0
839,ES_82,1,5,14.0,1,2,2,8.0,1.8
840,ES_82,1,6,12.6,3,3,3,5.5,2.2
841,ES_82,1,7,13.1,1,2,2,8.5,5.0
843,ES_82,1,7,25.6,2,2,1,12.0,2.0
844,ES_82,1,8,17.5,2,2,3,6.0,2.0
845,ES_82,1,8,10.5,2,2,3,5.5,2.0
846,ES_82,1,10,12.5,1,2,2,7.5,2.5
847,ES_82,1,10,13.2,1,2,2,7.5,2.5
848,ES_82,1,10,10.7,1,2,2,7.0,3.5
849,ES_82,1,10,11.1,1,2,2,7.0,4.0
850,ES_82,2,1,13.6,1,2,2,6.0,4.0
852,ES_82,2,1,14.2,2,2,2,6.5,4.5
853,ES_82,2,1,10.3,2,3,2,6.0,4.5
854,ES_82,2,1,15.3,1,3,2,7.0,4.5
855,ES_82,2,1,18.2,1,3,2,7.0,3.0
856,ES_82,2,2,11.4,1,2,2,6.5,2.0
857,ES_82,2,2,11.2,1,2,2,7.0,3.0
858,ES_82,2,2,10.0,2,2,2,6.5,4.0
859,ES_82,2,2,11.3,2,2,2,6.5,3.5
860,ES_82,2,2,12.2,3,4,2,6.0,4.5
862,ES_82,2,3,15.5,1,2,2,7.5,1.8
863,ES_82,2,3,12.6,1,2,2,7.5,3.5
864,ES_82,2,4,14.1,2,3,2,7.0,2.5
865,ES_82,2,4,10.2,2,3,3,5.0,2.5
866,ES_82,2,6,10.7,2,2,2,7.0,3.5
867,ES_82,2,6,21.3,1,2,1,9.5,4.5
868,ES_82,2,7,11.3,2,2,2,6.0,4.0
869,ES_82,2,7,12.8,1,2,2,6.5,3.0
870,ES_82,2,7,16.1,1,2,2,7.6,2.5
871,ES_82,2,7,15.8,1,2,2,6.0,2.5
872,ES_82,2,8,14.0,1,3,1,8.0,3.0
873,ES_82,2,8,21.9,1,2,2,6.0,5.0
874,ES_82,2,8,12.4,1,2,2,6.0,1.5
875,ES_82,2,9,12.2,2,2,2,5.5,1.5
876,ES_82,2,9,10.9,1,2,1,8.0,2.0
877,ES_82,2,9,10.6,1,2,2,7.0,2.0
879,ES_82,2,10,11.7,1,2,2,7.0,3.5
881,ES_82,2,10,10.1,1,2,2,7.0,4.0
882,ES_83,1,2,13.7,1,2,1,6.5,4.0
883,ES_83,1,2,16.4,3,3,1,6.5,3.0
884,ES_83,1,2,14.2,2,2,1,5.5,3.0
885,ES_83,1,2,12.3,2,3,1,4.5,3.5
886,ES_83,1,3,18.9,2,2,1,6.0,2.0
887,ES_83,1,3,14.6,3,2,1,6.0,4.5
888,ES_83,1,4,12.9,2,3,1,6.0,5.0
889,ES_83,1,4,14.8,1,2,1,6.5,4.0
890,ES_83,1,4,14.3,1,2,1,6.5,3.5
891,ES_83,1,7,17.2,3,3,1,4.5,1.6
892,ES_83,1,8,13.3,2,2,1,4.5,1.5
894,ES_83,4,1,15.2,1,2,3,8.0,5.0
895,ES_83,4,1,10.3,3,1,3,8.5,6.0
899,ES_83,4,4,11.5,1,2,3,8.5,7.0
902,ES_83,4,4,14.8,1,2,2,12.0,9.0
906,ES_83,4,5,17.3,3,4,3,5.0,4.5
907,ES_83,4,5,10.8,2,2,3,7.0,5.0
908,ES_83,4,5,10.0,2,2,3,6.0,5.0
909,ES_83,4,6,18.0,2,2,3,6.0,5.0
910,ES_83,4,6,10.6,1,2,3,7.5,5.5
911,ES_83,4,6,14.5,1,2,3,8.0,3.0
913,ES_83,4,7,20.5,1,2,3,5.0,4.5
914,ES_83,4,7,10.4,1,3,3,2.0,2.0
915,ES_83,4,7,11.0,1,2,3,6.0,3.5
918,ES_83,4,9,11.2,3,4,3,4.0,2.0
920,ES_83,4,10,13.8,1,2,3,7.5,5.0
921,ES_84,1,1,12.8,2,1,3,7.0,5.5
924,ES_84,1,1,10.1,2,3,3,7.5,4.0
925,ES_84,1,1,12.5,1,1,3,8.0,6.0
926,ES_84,1,1,14.2,1,1,3,8.0,6.0
927,ES_84,1,1,11.1,1,1,3,8.0,6.0
928,ES_84,1,1,13.2,1,1,3,8.0,6.0
929,ES_84,1,1,12.1,1,1,3,8.5,6.5
930,ES_84,1,1,11.6,1,2,3,9.0,6.0
931,ES_84,1,2,17.1,1,2,3,8.5,4.5
932,ES_84,1,2,22.9,2,2,3,7.5,3.5
933,ES_84,1,2,11.4,1,2,3,7.5,4.0
935,ES_84,1,2,10.2,1,2,2,10.0,6.0
936,ES_84,1,2,18.7,1,2,1,15.0,8.0
937,ES_84,1,2,13.1,1,2,1,14.5,8.0
938,ES_84,1,2,10.6,1,3,2,11.0,9.5
939,ES_84,1,2,13.9,2,3,2,12.0,10.0
940,ES_84,1,2,15.0,1,1,2,11.5,10.0
941,ES_84,1,2,15.4,1,1,2,11.0,10.0
942,ES_84,1,2,14.4,1,2,2,11.5,9.0
943,ES_84,1,2,16.8,1,1,2,11.0,9.5
944,ES_84,1,2,10.7,1,2,2,11.5,10.0
945,ES_84,1,3,10.3,2,3,3,8.5,6.0
947,ES_84,1,3,14.8,1,2,2,10.0,6.5
948,ES_84,1,3,17.0,2,2,3,9.0,4.0
949,ES_84,1,3,10.1,1,3,3,8.5,5.5
950,ES_84,1,3,10.0,1,3,3,8.0,4.0
951,ES_84,1,3,11.1,1,3,3,8.5,6.0
952,ES_84,1,3,13.7,1,2,1,14.0,12.0
953,ES_84,1,3,13.6,2,2,3,8.5,4.5
954,ES_84,1,3,12.3,1,2,3,8.0,5.0
955,ES_84,1,3,12.5,2,3,2,10.5,4.0
956,ES_84,1,3,12.0,2,3,2,11.5,10.0
957,ES_84,1,4,12.2,1,2,3,8.0,2.5
958,ES_84,1,4,13.8,2,3,2,10.5,7.5
959,ES_84,1,4,14.1,3,3,3,8.5,5.0
961,ES_84,1,4,19.5,2,3,2,10.5,4.0
962,ES_84,1,4,14.2,2,3,2,10.5,5.0
963,ES_84,1,4,10.5,1,1,3,7.5,6.0
964,ES_84,1,4,10.8,1,1,3,8.5,7.0
965,ES_84,1,4,14.1,1,1,2,10.0,8.0
966,ES_84,1,4,10.4,2,2,3,7.0,4.5
967,ES_84,1,4,11.1,2,2,3,7.3,2.5
968,ES_84,1,4,10.2,1,1,3,6.5,1.6
969,ES_84,1,4,13.0,1,2,2,12.5,4.0
971,ES_84,1,5,12.4,2,2,3,8.5,4.0
972,ES_84,1,5,10.3,1,1,3,7.5,5.5
973,ES_84,1,5,14.5,1,3,2,13.5,8.0
974,ES_84,1,5,24.6,1,2,1,14.5,6.5
975,ES_84,1,5,16.3,1,2,2,13.5,8.5
976,ES_84,1,5,21.3,1,1,1,16.5,4.0
977,ES_84,1,5,15.2,1,2,1,14.5,7.5
978,ES_84,1,5,12.4,1,1,3,9.0,6.5
979,ES_84,1,6,18.9,1,1,2,12.5,5.0
980,ES_84,1,6,16.2,2,3,2,10.5,3.0
982,ES_84,1,7,16.7,1,2,2,12.5,7.5
983,ES_84,1,7,17.4,2,2,3,8.5,3.5
985,ES_84,1,7,13.9,1,2,2,11.0,7.0
986,ES_84,1,7,10.8,1,2,2,10.5,7.0
987,ES_84,1,7,13.2,1,1,2,12.0,8.5
988,ES_84,1,7,17.5,1,2,3,8.5,3.0
989,ES_84,1,7,24.9,1,2,1,19.0,12.0
990,ES_84,1,7,12.1,1,2,2,12.5,9.0
992,ES_84,1,7,11.2,2,2,3,7.5,4.0
994,ES_84,1,8,14.1,1,2,2,12.5,3.5
995,ES_84,1,8,14.9,1,2,3,9.5,3.0
996,ES_84,1,8,11.5,1,2,2,10.0,4.0
997,ES_84,1,8,15.0,2,2,2,10.5,4.5
998,ES_84,1,8,14.0,1,2,2,11.0,6.0
999,ES_84,1,8,13.4,2,2,2,11.5,7.5
1000,ES_84,1,8,13.1,1,1,2,11.5,8.0
1001,ES_84,1,8,13.1,1,1,2,10.5,7.5
1003,ES_84,1,8,12.2,1,1,3,9.0,6.0
1004,ES_84,1,9,10.1,2,2,3,6.0,3.0
1005,ES_84,1,9,12.0,3,4,3,6.5,5.0
1006,ES_84,1,9,12.0,2,2,3,8.0,5.0
1007,ES_84,1,9,11.8,1,2,3,8.5,6.5
1008,ES_84,1,9,10.0,2,2,3,7.5,3.0
1009,ES_84,1,9,12.9,1,2,1,18.0,12.0
1010,ES_84,1,9,10.6,1,2,2,10.0,6.0
1011,ES_84,1,9,24.9,2,2,2,13.0,6.0
1012,ES_84,1,9,13.0,1,1,3,8.0,6.0
1013,ES_84,1,10,19.3,1,2,1,17.5,10.0
1014,ES_84,1,10,10.9,1,2,3,8.5,6.0
1015,ES_84,1,10,11.8,1,2,2,12.0,8.0
1016,ES_84,1,10,22.2,1,2,1,14.5,10.0
1017,ES_84,1,10,16.8,1,3,1,14.5,10.0
1018,ES_84,1,10,10.8,1,3,3,7.5,5.0
1019,ES_84,2,2,12.5,1,2,3,5.6,3.0
1021,ES_84,2,3,13.1,2,3,3,6.5,1.5
1022,ES_84,2,3,11.7,2,3,3,6.5,1.8
1023,ES_84,2,3,14.8,2,2,2,9.5,6.5
1024,ES_84,2,3,11.1,2,2,3,8.0,5.5
1025,ES_84,2,4,14.3,1,2,2,10.5,6.5
1026,ES_84,2,4,11.7,1,2,2,11.0,5.0
1027,ES_84,2,4,10.3,1,3,2,9.5,4.0
1028,ES_84,2,4,15.9,1,2,2,10.0,4.5
1029,ES_84,2,5,16.0,1,2,2,12.5,6.5
1030,ES_84,2,6,16.5,2,2,2,10.5,6.0
1031,ES_84,2,7,10.3,2,2,2,9.0,3.5
1032,ES_84,2,7,17.6,2,2,2,11.5,4.0
1033,ES_84,2,7,22.5,1,2,1,14.0,4.0
1034,ES_84,2,7,15.0,1,3,1,13.5,8.5
1035,ES_84,2,7,11.9,2,3,3,8.0,5.5
1036,ES_84,2,7,10.1,2,3,2,10.5,8.5
1037,ES_84,2,7,10.9,3,3,2,10.5,8.0
1038,ES_84,2,7,12.2,1,2,2,10.0,4.0
1039,ES_84,2,7,10.6,1,1,3,7.5,5.0
1040,ES_87,3,2,11.2,1,2,2,7.0,3.5
1041,ES_87,3,2,14.5,1,3,2,6.0,3.0
1042,ES_87,3,2,12.6,2,3,2,6.2,3.0
1043,ES_87,3,2,12.4,2,3,2,6.3,3.2
1044,ES_87,3,3,12.9,1,3,2,4.8,1.8
1045,ES_87,3,3,13.3,1,3,2,5.2,2.0
1046,ES_87,3,3,14.5,1,3,2,5.5,3.5
1047,ES_87,3,3,20.0,1,3,2,5.5,3.0
1048,ES_87,3,3,13.2,1,3,2,6.5,2.0
1049,ES_87,3,3,17.3,2,3,2,7.0,4.0
1051,ES_87,3,4,20.8,3,3,2,8.5,2.5
1052,ES_87,3,6,11.6,1,3,2,6.0,3.0
1053,ES_87,3,6,10.9,3,3,2,5.0,1.3
1054,ES_87,3,6,15.9,2,2,2,6.5,4.0
1057,ES_87,3,8,16.8,1,2,2,12.0,10.0
1058,ES_87,3,8,13.3,1,3,2,8.0,5.0
1059,ES_87,3,9,13.9,1,2,2,7.5,5.0
1060,ES_87,3,9,12.1,1,2,2,7.0,4.5
1061,ES_87,3,9,11.5,1,3,2,5.5,2.5
1062,ES_87,3,9,12.0,1,3,2,5.5,3.0
1063,ES_87,3,9,11.9,1,2,2,6.0,4.0
1064,ES_87,3,10,13.5,1,2,3,4.0,2.5
1065,ES_87,3,10,10.0,3,3,3,4.0,1.5
1066,ES_91,3,1,16.8,2,3,2,10.5,5.0
1074,ES_91,3,4,25.0,1,2,1,15.0,7.0
1078,ES_91,3,6,21.5,3,3,3,4.0,2.0
1079,ES_91,3,7,23.0,1,1,3,8.5,3.0
1080,ES_91,3,9,11.8,1,2,3,7.0,2.0
1081,ES_91,3,9,17.6,1,2,2,9.0,7.0
1084,ES_91,3,9,12.5,1,1,2,10.0,7.0
1086,ES_91,3,9,14.0,1,1,1,14.5,10.0
1087,ES_91,3,9,10.4,1,1,2,10.5,9.0
1089,ES_91,3,10,14.0,1,1,2,9.0,6.5
1090,ES_92,1,1,22.7,2,2,1,10.7,3.0
1091,ES_92,1,1,15.1,2,2,2,9.5,5.0
1092,ES_92,1,6,24.9,2,1,1,10.5,5.0
1093,ES_92,1,8,18.3,1,2,3,6.5,3.0
1094,ES_92,3,1,13.5,1,2,2,11.3,6.0
1095,ES_92,3,2,12.7,1,2,2,11.3,8.0
1096,ES_92,3,3,19.6,2,2,2,11.5,4.0
1097,ES_92,3,4,24.1,1,1,1,14.0,7.0
1098,ES_92,3,6,21.4,1,2,2,10.0,4.0
1099,ES_92,3,6,10.2,1,2,2,9.0,4.0
1100,ES_92,3,6,12.5,3,4,3,6.5,3.0
1101,ES_92,3,6,14.2,2,3,2,10.0,5.0
1102,ES_92,3,7,13.9,1,2,2,9.0,3.5
1103,ES_92,3,7,22.7,1,3,2,9.0,1.7
1104,ES_92,3,7,16.1,2,2,2,9.0,7.0
1105,ES_92,3,7,15.1,1,3,3,7.0,2.5
1106,ES_92,3,7,13.8,1,3,3,7.0,2.0
1109,ES_92,3,8,13.0,1,2,2,9.0,7.5
1110,ES_92,3,9,17.3,1,2,2,10.0,7.0
1111,ES_92,3,9,19.5,1,3,1,12.0,4.5
1112,ES_92,3,9,22.0,1,3,1,14.0,4.0
1113,ES_92,3,10,13.4,2,2,2,8.0,4.0
1114,ES_92,4,1,19.1,1,1,1,14.5,4.5
1115,ES_92,4,1,22.0,3,2,1,14.5,4.5
1116,ES_92,4,1,17.2,1,2,1,14.5,5.0
1117,ES_92,4,1,12.8,1,2,2,12.0,4.5
1118,ES_92,4,2,11.3,1,2,2,12.0,4.0
1119,ES_92,4,2,17.4,3,4,3,5.0,4.0
1120,ES_92,4,2,20.4,1,2,1,14.7,6.5
1121,ES_92,4,2,20.7,1,2,1,14.5,6.0
1122,ES_92,4,2,21.2,1,2,2,12.5,5.0
1123,ES_92,4,2,17.0,1,2,2,10.5,3.0
1124,ES_92,4,2,22.1,1,2,2,9.0,4.0
1125,ES_92,4,3,11.2,1,2,2,10.0,4.0
1126,ES_92,4,3,13.6,1,2,2,9.5,4.0
1127,ES_92,4,3,18.7,1,2,2,11.5,4.0
1128,ES_92,4,3,21.2,1,1,2,9.0,2.0
1129,ES_92,4,3,10.5,1,3,3,8.5,6.0
1130,ES_92,4,4,14.7,2,2,3,8.5,3.0
1131,ES_92,4,4,12.5,2,2,2,9.0,3.5
1132,ES_92,4,4,13.5,3,2,2,6.0,4.0
1133,ES_92,4,4,11.9,1,2,2,9.5,3.0
1134,ES_92,4,5,19.9,1,2,2,12.0,8.0
1136,ES_92,4,6,10.2,3,3,3,5.5,4.0
1137,ES_92,4,6,14.4,3,3,2,9.0,5.0
1138,ES_92,4,6,12.8,2,2,2,10.5,3.0
1139,ES_92,4,6,11.7,2,3,3,5.0,3.0
1140,ES_92,4,6,16.7,2,2,2,10.0,7.0
1141,ES_92,4,6,14.5,2,2,2,7.5,6.0
1142,ES_92,4,6,13.1,2,2,2,13.0,4.5
1143,ES_92,4,7,22.5,1,1,2,12.5,4.0
1144,ES_92,4,7,16.2,1,2,2,11.0,4.5
1145,ES_92,4,7,13.3,2,2,3,6.0,5.0
1146,ES_92,4,8,12.9,1,2,2,11.0,6.5
1147,ES_92,4,9,10.9,2,2,3,6.0,5.0
1148,ES_92,4,9,17.9,1,1,2,13.5,9.0
1149,ES_92,4,10,20.7,1,1,2,12.0,6.5
1150,ES_92,4,10,11.8,2,3,3,7.5,5.5
1151,ES_92,4,10,14.6,1,1,2,9.0,5.0
1152,ES_92,4,10,23.2,2,3,1,14.0,4.5
1153,ES_92,4,10,16.8,1,1,2,12.5,7.5
1154,ES_92,4,10,25.2,1,2,2,11.5,6.0
1155,ES_93,2,1,22.5,1,3,1,13.2,8.6
1156,ES_93,2,1,14.0,1,2,2,7.5,3.0
1157,ES_93,2,2,13.1,1,2,2,6.9,3.5
1158,ES_93,2,2,11.5,1,2,2,8.5,4.0
1159,ES_93,2,2,14.6,1,2,2,8.5,4.0
1161,ES_93,2,2,11.1,1,2,2,7.5,5.0
1162,ES_93,2,3,11.6,1,2,2,7.0,4.0
1163,ES_93,2,3,11.4,1,2,2,9.5,5.0
1164,ES_93,2,3,11.0,1,2,2,7.5,4.5
1165,ES_93,2,3,10.7,1,2,2,8.0,5.0
1166,ES_93,2,6,13.4,2,3,2,8.0,4.0
1167,ES_94,3,1,10.3,1,3,3,10.0,8.0
1168,ES_94,3,1,11.8,1,2,3,8.5,6.0
1169,ES_94,3,1,14.2,1,2,1,12.5,8.0
1170,ES_94,3,1,11.0,1,2,3,8.5,6.0
1171,ES_94,3,1,10.9,1,3,3,9.0,6.0
1172,ES_94,3,1,13.0,1,3,2,12.0,8.5
1173,ES_94,3,1,11.8,1,2,2,12.0,8.0
1174,ES_94,3,1,12.8,1,2,1,11.2,7.0
1175,ES_94,3,1,16.8,1,2,1,12.5,8.0
1176,ES_94,3,1,12.3,1,2,1,13.0,8.0
1177,ES_94,3,1,11.7,1,2,3,8.0,6.5
1178,ES_94,3,2,10.8,1,2,2,10.5,8.0
1179,ES_94,3,2,12.5,1,2,2,10.5,8.0
1180,ES_94,3,2,11.8,1,3,2,12.0,10.0
1181,ES_94,3,2,13.3,2,2,2,12.0,8.0
1182,ES_94,3,2,10.6,1,2,3,6.0,4.5
1183,ES_94,3,3,10.6,2,3,3,8.5,7.0
1184,ES_94,3,3,10.6,2,2,3,5.6,3.5
1185,ES_94,3,3,11.0,1,2,3,8.0,6.0
1186,ES_94,3,3,26.0,1,2,1,16.5,10.0
1187,ES_94,3,3,13.9,1,2,3,10.0,6.0
1188,ES_94,3,3,14.7,1,2,3,10.0,6.0
1190,ES_94,3,3,18.4,1,2,1,13.5,11.0
1192,ES_94,3,3,21.4,1,3,1,15.0,10.0
1193,ES_94,3,4,19.0,2,2,3,9.5,7.0
1194,ES_94,3,4,13.7,1,2,3,9.5,6.0
1195,ES_94,3,4,11.2,2,2,3,6.5,4.5
1196,ES_94,3,4,14.2,1,2,3,7.5,5.0
1198,ES_94,3,4,17.3,2,2,3,9.5,6.0
1201,ES_94,3,5,18.7,2,2,1,13.0,10.0
1202,ES_94,3,5,14.5,1,2,3,8.5,5.5
1203,ES_94,3,5,15.4,1,2,3,9.0,8.0
1205,ES_94,3,5,11.7,1,2,3,4.0,3.5
1207,ES_94,3,6,14.5,1,2,2,11.0,7.0
1208,ES_94,3,6,14.6,3,4,3,4.0,4.0
1209,ES_94,3,6,16.3,1,2,2,11.0,8.5
1210,ES_94,3,6,10.7,1,2,3,10.0,8.0
1211,ES_94,3,6,17.5,1,2,3,10.0,7.0
1213,ES_94,3,6,25.2,2,2,2,11.0,8.0
1214,ES_94,3,6,15.0,1,3,3,8.5,6.0
1215,ES_94,3,7,13.0,1,3,2,12.5,10.0
1216,ES_94,3,7,21.7,2,2,1,15.0,12.0
1217,ES_94,3,7,11.4,1,3,3,10.0,8.0
1218,ES_94,3,7,10.6,1,3,3,7.5,6.5
1220,ES_94,3,8,11.1,1,2,3,8.5,7.0
1221,ES_94,3,8,23.5,2,2,2,12.0,9.0
1222,ES_94,3,8,12.0,1,2,3,7.5,6.0
1223,ES_94,3,8,12.7,1,2,3,8.5,4.0
1224,ES_94,3,8,14.5,1,2,2,12.0,9.0
1225,ES_94,3,8,18.7,1,3,3,7.0,4.5
1226,ES_94,3,8,10.3,1,2,3,4.5,3.5
1227,ES_94,3,8,11.8,2,2,3,4.0,3.0
1229,ES_94,3,9,14.6,1,2,3,8.5,6.0
1230,ES_94,3,9,15.2,1,2,3,9.0,6.0
1231,ES_94,3,9,12.4,2,2,3,7.5,5.0
1232,ES_94,3,10,13.8,1,2,3,8.5,5.0
1234,ES_98,1,2,17.6,1,2,1,12.1,8.4
1235,ES_98,1,2,20.4,2,2,1,11.5,6.5
1236,ES_98,1,2,16.8,1,2,1,10.5,5.5
1237,ES_98,1,2,18.6,1,2,1,10.0,5.5
1238,ES_98,1,2,13.0,1,2,1,9.5,5.8
1239,ES_98,1,6,21.8,1,2,1,10.8,5.6
1240,ES_98,1,6,17.5,1,3,1,8.0,4.2
1241,ES_98,1,7,10.1,2,3,2,4.5,2.0
1242,ES_98,1,9,11.7,3,3,2,6.5,3.0
1243,ES_98,1,9,10.7,1,2,2,6.5,4.0
1244,ES_98,2,5,14.1,1,1,2,6.0,3.0
1245,ES_98,2,6,15.9,1,3,1,8.5,5.6
1246,ES_98,2,6,10.9,1,3,1,7.8,4.5
1247,ES_98,2,9,13.6,1,2,1,6.5,4.5
1248,ES_98,2,9,12.2,1,2,2,5.0,2.5
